SET @OLD_UNIQUE_CHECKS=@@UNIQUE_CHECKS, UNIQUE_CHECKS=0;
SET @OLD_FOREIGN_KEY_CHECKS=@@FOREIGN_KEY_CHECKS, FOREIGN_KEY_CHECKS=0;
SET @OLD_SQL_MODE=@@SQL_MODE, SQL_MODE='ONLY_FULL_GROUP_BY,STRICT_TRANS_TABLES,NO_ZERO_IN_DATE,NO_ZERO_DATE,ERROR_FOR_DIVISION_BY_ZERO,NO_ENGINE_SUBSTITUTION';

-- -----------------------------------------------------
-- Schema world_computer
-- -----------------------------------------------------
DROP DATABASE IF EXISTS `world_computer`;
CREATE SCHEMA IF NOT EXISTS `world_computer` DEFAULT CHARACTER SET utf8 ;
USE `world_computer` ;

-- -----------------------------------------------------
-- Table `world_computer`.`proveedores`
-- -----------------------------------------------------
CREATE TABLE IF NOT EXISTS `world_computer`.`proveedores` (
  `id` INT AUTO_INCREMENT,
  `documento` VARCHAR(35) NOT NULL UNIQUE,
  `razon_social` VARCHAR(45) NOT NULL,
  `direccion` TEXT NULL,
  `telefono` VARCHAR(60) NULL,
  `email` VARCHAR(250) NULL UNIQUE,
  `estatus` VARCHAR(15) NULL DEFAULT 'ACTIVO',

  `created_at` TIMESTAMP DEFAULT CURRENT_TIMESTAMP,
  `updated_at` TIMESTAMP DEFAULT CURRENT_TIMESTAMP,
  PRIMARY KEY (`id`)
)
ENGINE = InnoDB;


-- -----------------------------------------------------
-- Table `world_computer`.`clientes`
-- -----------------------------------------------------
CREATE TABLE IF NOT EXISTS `world_computer`.`clientes` (
  `id` INT AUTO_INCREMENT,
  `documento` VARCHAR(35) NOT NULL UNIQUE,
  `nombre` VARCHAR(50) NULL,
  `apellido` VARCHAR(45) NULL,
  `direccion` TEXT NULL,
  `telefono` VARCHAR(60) NULL,
  `email` VARCHAR(250) NOT NULL,
  `estatus` VARCHAR(15) NULL DEFAULT 'ACTIVO',

  `created_at` TIMESTAMP DEFAULT CURRENT_TIMESTAMP,
  `updated_at` TIMESTAMP DEFAULT CURRENT_TIMESTAMP,
  PRIMARY KEY (`id`)
)
ENGINE = InnoDB;


-- -----------------------------------------------------
-- Table `world_computer`.`categorias`
-- -----------------------------------------------------
CREATE TABLE IF NOT EXISTS `world_computer`.`categorias` (
  `id` INT AUTO_INCREMENT,
  `nombre` VARCHAR(50) NOT NULL UNIQUE,
  `descripcion` VARCHAR(255) NULL,
  `estatus` VARCHAR(15) NULL DEFAULT 'ACTIVO',

  `created_at` TIMESTAMP DEFAULT CURRENT_TIMESTAMP,
  `updated_at` TIMESTAMP DEFAULT CURRENT_TIMESTAMP,
  PRIMARY KEY (`id`)
)
ENGINE = InnoDB;

-- -----------------------------------------------------
-- Table `world_computer`.`configuracion`
-- -----------------------------------------------------
CREATE TABLE IF NOT EXISTS `world_computer`.`configuracion` (
  `id` INT AUTO_INCREMENT,
  `nombre` VARCHAR(50) NOT NULL UNIQUE,
  `valor` VARCHAR(250) NULL,

  `created_at` TIMESTAMP DEFAULT CURRENT_TIMESTAMP,
  `updated_at` TIMESTAMP DEFAULT CURRENT_TIMESTAMP,
  PRIMARY KEY (`id`)
)
ENGINE = InnoDB;


-- -----------------------------------------------------
-- Table `world_computer`.`marcas`
-- -----------------------------------------------------
CREATE TABLE IF NOT EXISTS `world_computer`.`marcas` (
  `id` INT AUTO_INCREMENT,
  `nombre` VARCHAR(50) NOT NULL UNIQUE,
  `descripcion` VARCHAR(45) NULL,
  `estatus` VARCHAR(15) NULL DEFAULT 'ACTIVO',

  `created_at` TIMESTAMP DEFAULT CURRENT_TIMESTAMP,
  `updated_at` TIMESTAMP DEFAULT CURRENT_TIMESTAMP,
  PRIMARY KEY (`id`)
)
ENGINE = InnoDB;


-- -----------------------------------------------------
-- Table `world_computer`.`modelos`
-- -----------------------------------------------------
CREATE TABLE IF NOT EXISTS `world_computer`.`modelos` (
  `id` INT AUTO_INCREMENT,
  `nombre` VARCHAR(50) NOT NULL UNIQUE,
  `description` VARCHAR(45) NULL,
  `marca_id` INT NOT NULL,
  `estatus` VARCHAR(15) NULL DEFAULT 'ACTIVO',

  `created_at` TIMESTAMP DEFAULT CURRENT_TIMESTAMP,
  `updated_at` TIMESTAMP DEFAULT CURRENT_TIMESTAMP,
  PRIMARY KEY (`id`),
  CONSTRAINT `fk_modelos_marcas1`
    FOREIGN KEY (`marca_id`)
    REFERENCES `world_computer`.`marcas` (`id`) MATCH FULL
    ON DELETE CASCADE
    ON UPDATE CASCADE)
ENGINE = InnoDB;


-- -----------------------------------------------------
-- Table `world_computer`.`unidades`
-- -----------------------------------------------------
CREATE TABLE IF NOT EXISTS `world_computer`.`unidades` (
  `id` INT AUTO_INCREMENT,
  `nombre` VARCHAR(50) NOT NULL UNIQUE,
  `abreviatura` VARCHAR(5) NULL,
  `estatus` VARCHAR(15) NULL DEFAULT 'activo',

  `created_at` TIMESTAMP DEFAULT CURRENT_TIMESTAMP,
  `updated_at` TIMESTAMP DEFAULT CURRENT_TIMESTAMP,
  PRIMARY KEY (`id`)
)
ENGINE = InnoDB;


-- -----------------------------------------------------
-- Table `world_computer`.`productos`
-- -----------------------------------------------------
CREATE TABLE IF NOT EXISTS `world_computer`.`productos` (
  `id` INT AUTO_INCREMENT,
  `codigo` VARCHAR(45) NOT NULL UNIQUE,
  `nombre` VARCHAR(50) NULL,
  `descripcion` VARCHAR(45) NULL,
  `precio_costo` DOUBLE NULL,
  `precio_venta` DOUBLE NULL,
  `precio_porcentaje` DOUBLE NULL,
  `stock` INT(11) NULL DEFAULT 0,
  `stock_min` INT(11) NULL DEFAULT 0,
  `stock_max` INT(11) NULL DEFAULT 0,
  `descuento` DOUBLE NULL,
  `impuesto` VARCHAR(45) NULL DEFAULT '0',
  `estatus` VARCHAR(15) NULL DEFAULT 'ACTIVO',
  `categoria_id` INT NOT NULL,
  -- `modelo_id` INT NOT NULL,
  `unidad_id` INT NOT NULL,

  `created_at` TIMESTAMP DEFAULT CURRENT_TIMESTAMP,
  `updated_at` TIMESTAMP DEFAULT CURRENT_TIMESTAMP,
  PRIMARY KEY (`id`),
  CONSTRAINT `fk_productos_categorias1`
    FOREIGN KEY (`categoria_id`)
    REFERENCES `world_computer`.`categorias` (`id`) MATCH FULL
    ON UPDATE CASCADE
    ON DELETE CASCADE,
  -- CONSTRAINT `fk_productos_modelos1`
  --   FOREIGN KEY (`modelo_id`)
  --   REFERENCES `world_computer`.`modelos` (`id`) MATCH FULL
  --   ON UPDATE CASCADE
  --   ON DELETE CASCADE,
  CONSTRAINT `fk_productos_unidades1`
    FOREIGN KEY (`unidad_id`)
    REFERENCES `world_computer`.`unidades` (`id`) MATCH FULL
    ON UPDATE CASCADE
    ON DELETE CASCADE
    )
ENGINE = InnoDB;


-- -----------------------------------------------------
-- Table `world_computer`.`ventas`
-- -----------------------------------------------------
CREATE TABLE IF NOT EXISTS `world_computer`.`ventas` (
  `id` INT AUTO_INCREMENT,
  `codigo` VARCHAR(45) NOT NULL UNIQUE,
  `fecha` DATETIME NOT NULL DEFAULT CURRENT_TIMESTAMP,
  `impuesto` VARCHAR(45) NULL DEFAULT '0',
  `dolar` VARCHAR(45) NULL DEFAULT '1',
  `estatus` VARCHAR(15) NULL DEFAULT 'ACTIVO',
  `cliente_id` INT NOT NULL,

  `created_at` TIMESTAMP DEFAULT CURRENT_TIMESTAMP,
  `updated_at` TIMESTAMP DEFAULT CURRENT_TIMESTAMP,
  `usuario_id` INT NOT NULL,
  PRIMARY KEY (`id`),
  CONSTRAINT `fk_ventas_clientes1`
    FOREIGN KEY (`cliente_id`)
    REFERENCES `world_computer`.`clientes` (`id`)
    ON DELETE NO ACTION
    ON UPDATE NO ACTION,
  CONSTRAINT `fk_ventas_usuario_id`
    FOREIGN KEY (`usuario_id`)
    REFERENCES `world_computer`.`usuarios` (`id`)
    ON DELETE NO ACTION
    ON UPDATE NO ACTION)
ENGINE = InnoDB;


-- -----------------------------------------------------
-- Table `world_computer`.`detalle_venta`
-- -----------------------------------------------------
CREATE TABLE IF NOT EXISTS `world_computer`.`detalle_venta` (
  `id` INT AUTO_INCREMENT,
  `cantidad` VARCHAR(45) NOT NULL,
  `precio` VARCHAR(45) NOT NULL,
  `producto_id` INT NOT NULL,
  `venta_id` INT NOT NULL,

  `created_at` TIMESTAMP DEFAULT CURRENT_TIMESTAMP,
  `updated_at` TIMESTAMP DEFAULT CURRENT_TIMESTAMP,
  PRIMARY KEY (`id`),
  CONSTRAINT `fk_detalle_venta_productos1`
    FOREIGN KEY (`producto_id`)
    REFERENCES `world_computer`.`productos` (`id`)
    ON DELETE NO ACTION
    ON UPDATE NO ACTION,
  CONSTRAINT `fk_detalle_venta_ventas1`
    FOREIGN KEY (`venta_id`)
    REFERENCES `world_computer`.`ventas` (`id`)
    ON DELETE NO ACTION
    ON UPDATE NO ACTION)
ENGINE = InnoDB;


-- -----------------------------------------------------
-- Table `world_computer`.`compras`
-- -----------------------------------------------------
CREATE TABLE IF NOT EXISTS `world_computer`.`compras` (
  `id` INT AUTO_INCREMENT,
  `codigo` VARCHAR(45) NOT NULL UNIQUE,
  `cod_ref` VARCHAR(45) NULL,
  `fecha` DATETIME NOT NULL DEFAULT CURRENT_TIMESTAMP,
  `impuesto` VARCHAR(45) NULL DEFAULT '0',
  `dolar` VARCHAR(45) NULL DEFAULT '1',
  `estatus` VARCHAR(15) NULL DEFAULT 'ACTIVO',
  `proveedor_id` INT NOT NULL,

  `created_at` TIMESTAMP DEFAULT CURRENT_TIMESTAMP,
  `updated_at` TIMESTAMP DEFAULT CURRENT_TIMESTAMP,
  `usuario_id` INT NOT NULL,
  PRIMARY KEY (`id`),
  CONSTRAINT `fk_compras_proveedores1`
    FOREIGN KEY (`proveedor_id`)
    REFERENCES `world_computer`.`proveedores` (`id`)
    ON DELETE NO ACTION
    ON UPDATE NO ACTION,
  CONSTRAINT `fk_compras_usuario_id`
    FOREIGN KEY (`usuario_id`)
    REFERENCES `world_computer`.`usuarios` (`id`)
    ON DELETE NO ACTION
    ON UPDATE NO ACTION)
ENGINE = InnoDB;


-- -----------------------------------------------------
-- Table `world_computer`.`detalle_compra`
-- -----------------------------------------------------
CREATE TABLE IF NOT EXISTS `world_computer`.`detalle_compra` (
  `id` INT AUTO_INCREMENT,
  `costo` DOUBLE NOT NULL,
  `cantidad` VARCHAR(45) NOT NULL,
  `producto_id` INT NOT NULL,
  `compra_id` INT NOT NULL,

  `created_at` TIMESTAMP DEFAULT CURRENT_TIMESTAMP,
  `updated_at` TIMESTAMP DEFAULT CURRENT_TIMESTAMP,
  PRIMARY KEY (`id`),
  CONSTRAINT `fk_detalle_compra_productos1`
    FOREIGN KEY (`producto_id`)
    REFERENCES `world_computer`.`productos` (`id`)
    ON DELETE NO ACTION
    ON UPDATE NO ACTION,
  CONSTRAINT `fk_detalle_compra_compras1`
    FOREIGN KEY (`compra_id`)
    REFERENCES `world_computer`.`compras` (`id`)
    ON DELETE NO ACTION
    ON UPDATE NO ACTION)
ENGINE = InnoDB;


-- -----------------------------------------------------
-- Table `world_computer`.`roles`
-- -----------------------------------------------------
CREATE TABLE IF NOT EXISTS `world_computer`.`roles` (
  `id` INT AUTO_INCREMENT,
  `nombre` VARCHAR(50) NOT NULL UNIQUE,
  `descripcion` VARCHAR(45) NULL,
  `estatus` VARCHAR(15) NULL DEFAULT 'ACTIVO',

  `created_at` TIMESTAMP DEFAULT CURRENT_TIMESTAMP,
  `updated_at` TIMESTAMP DEFAULT CURRENT_TIMESTAMP,
  PRIMARY KEY (`id`)
)
ENGINE = InnoDB;


-- -----------------------------------------------------
-- Table `world_computer`.`usuarios`
-- -----------------------------------------------------
CREATE TABLE IF NOT EXISTS `world_computer`.`usuarios` (
  `id` INT AUTO_INCREMENT,
  `documento` VARCHAR(35) NOT NULL UNIQUE,
  `nombre` VARCHAR(50) NULL,
  `apellido` VARCHAR(45) NULL,
  `direccion` TEXT NULL,
  `telefono` VARCHAR(60) NULL,
  `email` VARCHAR(250) NOT NULL UNIQUE,
  `usuario` VARCHAR(45) NOT NULL UNIQUE,
  `password` VARCHAR(80) NULL,
  `estatus` VARCHAR(45) NULL DEFAULT 'ACTIVO',
  `rol_id` INT NOT NULL,

  `created_at` TIMESTAMP DEFAULT CURRENT_TIMESTAMP,
  `updated_at` TIMESTAMP DEFAULT CURRENT_TIMESTAMP,
  PRIMARY KEY (`id`),
  CONSTRAINT `fk_usuarios_roles1`
    FOREIGN KEY (`rol_id`)
    REFERENCES `world_computer`.`roles` (`id`)
    ON DELETE NO ACTION
    ON UPDATE NO ACTION)
ENGINE = InnoDB;


-- -----------------------------------------------------
-- Table `world_computer`.`permisos`
-- -----------------------------------------------------
CREATE TABLE IF NOT EXISTS `world_computer`.`permisos` (
  `id` INT AUTO_INCREMENT,
  `nombre` VARCHAR(50) NOT NULL UNIQUE,
  `descripcion` VARCHAR(45) NULL,
  `estatus` VARCHAR(15) NULL DEFAULT 'ACTIVO',

  `created_at` TIMESTAMP DEFAULT CURRENT_TIMESTAMP,
  `updated_at` TIMESTAMP DEFAULT CURRENT_TIMESTAMP,
  PRIMARY KEY (`id`)
)
ENGINE = InnoDB;


-- -----------------------------------------------------
-- Table `world_computer`.`rol_permiso`
-- -----------------------------------------------------
CREATE TABLE IF NOT EXISTS `world_computer`.`rol_permiso` (
  `rol_id` INT NOT NULL,
  `permiso_id` INT NOT NULL,

  `created_at` TIMESTAMP DEFAULT CURRENT_TIMESTAMP,
  `updated_at` TIMESTAMP DEFAULT CURRENT_TIMESTAMP,
  PRIMARY KEY (`rol_id`, `permiso_id`),
  CONSTRAINT `fk_roles_has_permisos_roles1`
    FOREIGN KEY (`rol_id`)
    REFERENCES `world_computer`.`roles` (`id`)
    ON DELETE NO ACTION
    ON UPDATE NO ACTION,
  CONSTRAINT `fk_roles_has_permisos_permisos1`
    FOREIGN KEY (`permiso_id`)
    REFERENCES `world_computer`.`permisos` (`id`)
    ON DELETE NO ACTION
    ON UPDATE NO ACTION)
ENGINE = InnoDB;


-- -----------------------------------------------------
-- Table `world_computer`.`entradas`
-- -----------------------------------------------------
CREATE TABLE IF NOT EXISTS `world_computer`.`entradas` (
  `id` INT AUTO_INCREMENT,
  `codigo` VARCHAR(45) NOT NULL UNIQUE,
  `fecha` DATETIME NOT NULL,
  `tipo` VARCHAR(45) NOT NULL,
  `observacion` VARCHAR(45) NULL,
  `estatus` VARCHAR(15) NULL DEFAULT 'ACTIVO',

  `created_at` TIMESTAMP DEFAULT CURRENT_TIMESTAMP,
  `updated_at` TIMESTAMP DEFAULT CURRENT_TIMESTAMP,
  PRIMARY KEY (`id`)
)
ENGINE = InnoDB;


-- -----------------------------------------------------
-- Table `world_computer`.`salidas`
-- -----------------------------------------------------
CREATE TABLE IF NOT EXISTS `world_computer`.`salidas` (
  `id` INT AUTO_INCREMENT,
  `codigo` VARCHAR(45) NOT NULL UNIQUE,
  `fecha` DATETIME NOT NULL,
  `tipo` VARCHAR(45) NOT NULL,
  `observacion` VARCHAR(45) NULL,
  `estatus` VARCHAR(15) NULL DEFAULT 'ACTIVO',

  `created_at` TIMESTAMP DEFAULT CURRENT_TIMESTAMP,
  `updated_at` TIMESTAMP DEFAULT CURRENT_TIMESTAMP,
  PRIMARY KEY (`id`)
)
ENGINE = InnoDB;


-- -----------------------------------------------------
-- Table `world_computer`.`detalle_salida`
-- -----------------------------------------------------
CREATE TABLE IF NOT EXISTS `world_computer`.`detalle_salida` (
  `id` INT AUTO_INCREMENT,
  `cantidad` DOUBLE NOT NULL,
  `precio` DOUBLE NULL,
  `producto_id` INT NOT NULL,
  `salida_id` INT NOT NULL,

  `created_at` TIMESTAMP DEFAULT CURRENT_TIMESTAMP,
  `updated_at` TIMESTAMP DEFAULT CURRENT_TIMESTAMP,
  PRIMARY KEY (`id`),
  CONSTRAINT `fk_detalle_descargo_productos1`
    FOREIGN KEY (`producto_id`)
    REFERENCES `world_computer`.`productos` (`id`)
    ON DELETE NO ACTION
    ON UPDATE NO ACTION,
  CONSTRAINT `fk_detalle_descargo_descargos1`
    FOREIGN KEY (`salida_id`)
    REFERENCES `world_computer`.`salidas` (`id`)
    ON DELETE NO ACTION
    ON UPDATE NO ACTION)
ENGINE = InnoDB;


-- -----------------------------------------------------
-- Table `world_computer`.`detalle_entrada`
-- -----------------------------------------------------
CREATE TABLE IF NOT EXISTS `world_computer`.`detalle_entrada` (
  `id` INT AUTO_INCREMENT,
  `cantidad` DOUBLE NULL,
  `costo` DOUBLE NULL,
  `producto_id` INT NOT NULL,
  `entrada_id` INT NOT NULL,

  `created_at` TIMESTAMP DEFAULT CURRENT_TIMESTAMP,
  `updated_at` TIMESTAMP DEFAULT CURRENT_TIMESTAMP,
  PRIMARY KEY (`id`),
  CONSTRAINT `fk_detalle_cargo_productos1`
    FOREIGN KEY (`producto_id`)
    REFERENCES `world_computer`.`productos` (`id`)
    ON DELETE NO ACTION
    ON UPDATE NO ACTION,
  CONSTRAINT `fk_detalle_cargo_cargos1`
    FOREIGN KEY (`entrada_id`)
    REFERENCES `world_computer`.`entradas` (`id`)
    ON DELETE NO ACTION
    ON UPDATE NO ACTION)
ENGINE = InnoDB;


-- -----------------------------------------------------
-- Table `world_computer`.`servicios`
-- -----------------------------------------------------
CREATE TABLE IF NOT EXISTS `world_computer`.`servicios` (
  `id` INT AUTO_INCREMENT,
  `nombre` VARCHAR(50) NOT NULL UNIQUE,
  `descripcion` VARCHAR(45) NULL,
  `precio` VARCHAR(45) NULL,
  `estatus` VARCHAR(15) NULL DEFAULT 'ACTIVO',

  `created_at` TIMESTAMP DEFAULT CURRENT_TIMESTAMP,
  `updated_at` TIMESTAMP DEFAULT CURRENT_TIMESTAMP,
  PRIMARY KEY (`id`)
)
ENGINE = InnoDB;


-- -----------------------------------------------------
-- Table `world_computer`.`empleados`
-- -----------------------------------------------------
CREATE TABLE IF NOT EXISTS `world_computer`.`empleados` (
  `id` INT AUTO_INCREMENT,
  `documento` VARCHAR(35) NOT NULL UNIQUE,
  `nombre` VARCHAR(50) NULL,
  `apellido` VARCHAR(45) NULL,
  `direccion` TEXT NULL,
  `telefono` VARCHAR(60) NULL,
  `email` VARCHAR(250) NULL,
  `cargo` VARCHAR(25) NULL,
  `estatus` VARCHAR(15) NULL DEFAULT 'ACTIVO',

  `created_at` TIMESTAMP DEFAULT CURRENT_TIMESTAMP,
  `updated_at` TIMESTAMP DEFAULT CURRENT_TIMESTAMP,
  PRIMARY KEY (`id`)
)
ENGINE = InnoDB;


-- -----------------------------------------------------
-- Table `world_computer`.`servicios_prestados`
-- -----------------------------------------------------
CREATE TABLE IF NOT EXISTS `world_computer`.`servicios_prestados` (
  `id` INT AUTO_INCREMENT,
  `codigo` VARCHAR(45) NOT NULL UNIQUE,
  `fecha` DATETIME NOT NULL DEFAULT CURRENT_TIMESTAMP,
  `empleado_id` INT NOT NULL,
  `venta_id` INT,
  `cliente_id` INT NOT NULL,
  `dolar` VARCHAR(45) NULL DEFAULT '1',
  `estatus` VARCHAR(15) NULL DEFAULT 'ACTIVO',
  `created_at` TIMESTAMP DEFAULT CURRENT_TIMESTAMP,
  `updated_at` TIMESTAMP DEFAULT CURRENT_TIMESTAMP,
  `usuario_id` INT NOT NULL,
  PRIMARY KEY (`id`),
  CONSTRAINT `fk_clientes_has_ventas_clientes1`
    FOREIGN KEY (`cliente_id`)
    REFERENCES `world_computer`.`clientes` (`id`)
    ON DELETE NO ACTION
    ON UPDATE NO ACTION,
  CONSTRAINT `fk_servicio_venta_empleados1`
    FOREIGN KEY (`empleado_id`)
    REFERENCES `world_computer`.`empleados` (`id`)
    ON DELETE NO ACTION
    ON UPDATE NO ACTION,
  CONSTRAINT `fk_servicios_prestados_usuario_id`
    FOREIGN KEY (`usuario_id`)
    REFERENCES `world_computer`.`usuarios` (`id`)
    ON DELETE NO ACTION
    ON UPDATE NO ACTION)
ENGINE = InnoDB;
-- -----------------------------------------------------
-- Table `world_computer`.`detalle_servicio`
-- -----------------------------------------------------
CREATE TABLE IF NOT EXISTS `world_computer`.`detalle_servicio` (
  `id` INT AUTO_INCREMENT,
  `servicio_prestado_id` INT NOT NULL,
  `servicio_id` INT NOT NULL, 
  `precio` VARCHAR(45) NOT NULL,
  `created_at` TIMESTAMP DEFAULT CURRENT_TIMESTAMP,
  `updated_at` TIMESTAMP DEFAULT CURRENT_TIMESTAMP,
  PRIMARY KEY (`id`),
  CONSTRAINT `fk_servicios_has_ventas_servicios1`
    FOREIGN KEY (`servicio_id`)
    REFERENCES `world_computer`.`servicios` (`id`)
    ON DELETE NO ACTION
    ON UPDATE NO ACTION,
  CONSTRAINT `fk_servicios_has_ventas_servicios_prestados1`
    FOREIGN KEY (`servicio_prestado_id`)
    REFERENCES `world_computer`.`servicios_prestados` (`id`)
    ON DELETE NO ACTION
    ON UPDATE NO ACTION)
ENGINE = InnoDB;


-- -----------------------------------------------------
-- Table `world_computer`.`bitacora`
-- -----------------------------------------------------
CREATE TABLE IF NOT EXISTS `world_computer`.`bitacora` (
  `id` INT AUTO_INCREMENT,
  `fecha` TIMESTAMP DEFAULT CURRENT_TIMESTAMP,
  `modulo` VARCHAR(45) NULL,
  `accion` VARCHAR(200) NULL,
  `descripcion` TEXT NULL,
  `usuario_id` INT NOT NULL,
  PRIMARY KEY (`id`),
  CONSTRAINT `fk_bitacora_usuarios1`
    FOREIGN KEY (`usuario_id`)
    REFERENCES `world_computer`.`usuarios` (`id`)
    ON DELETE NO ACTION
    ON UPDATE NO ACTION)
ENGINE = InnoDB;


CREATE TABLE impuestos(
    id INT AUTO_INCREMENT,
    nombre VARCHAR(50) UNIQUE,
    valor DECIMAL(4,2) NOT NULL,
    estatus VARCHAR(15) DEFAULT 'ACTIVO',

    created_at TIMESTAMP DEFAULT CURRENT_TIMESTAMP,
    updated_at TIMESTAMP DEFAULT CURRENT_TIMESTAMP,

    CONSTRAINT id_impuestos PRIMARY KEY(id)
);

CREATE TABLE notificaciones(
    id INT AUTO_INCREMENT,
    usuario_id INT NOT NULL,
    producto_id INT NOT NULL,
    titulo VARCHAR(255),
    mensaje VARCHAR(255),
    autor VARCHAR(255) DEFAULT 'SISTEMA',
    repeticion INT(2) DEFAULT 1,
    estatus VARCHAR(15) DEFAULT 'ACTIVO',

    created_at TIMESTAMP DEFAULT CURRENT_TIMESTAMP,
    updated_at TIMESTAMP DEFAULT CURRENT_TIMESTAMP,

    CONSTRAINT id_notificaciones PRIMARY KEY(id),
    CONSTRAINT fk_usuarios_notificaciones 
      FOREIGN KEY(usuario_id) 
      REFERENCES usuarios(id)
      ON DELETE CASCADE
      ON UPDATE CASCADE,
    CONSTRAINT `fk_notificaciones_producto`
      FOREIGN KEY (`producto_id`)
      REFERENCES `world_computer`.`productos` (`id`)
      ON DELETE NO ACTION
      ON UPDATE NO ACTION
);

SET SQL_MODE=@OLD_SQL_MODE;
SET FOREIGN_KEY_CHECKS=@OLD_FOREIGN_KEY_CHECKS;
SET UNIQUE_CHECKS=@OLD_UNIQUE_CHECKS;


INSERT INTO impuestos(nombre, valor) VALUES ('iva', '12.00'), ('iva2', '16.00');


-- CLIENTES
INSERT INTO clientes(documento, nombre, apellido, direccion, telefono, email, estatus) VALUES
('V-26945214', 'JOSNERY', 'DIAZ', 'LOS CREPUSCULOS', '000-1234567', 'josnery@gmail.com', 'ACTIVO'),
('V-27025411', 'CARLOS', 'RAMIREZ', 'BARQUISIMETO', '000-1234567', 'carlos@gmail.com', 'ACTIVO'),
('V-27022222', 'HECTOR', 'NOGUERA', 'BARQUISIMETO', '000-1234567', 'hector@gmail.com', 'ACTIVO'),
('V-26540950', 'JESUS', 'ARRIECHE', 'DUACA', '000-1234567', 'jesus@gmail.com', 'ACTIVO');

-- EMPLEADOS
INSERT INTO empleados(documento, nombre, apellido, direccion, telefono, email, cargo, estatus) VALUES
('V-26945214', 'JUAN', 'DIAZ', 'LOS CREPUSCULOS', '000-1234567', 'josnery@gmail.com', 'ADMINISTRADOR', 'ACTIVO'),
('V-27025411', 'PEDRO', 'BETANCOURT', 'DON AURELIO', '000-1234567', 'maria@gmail.com', 'TECNICO', 'ACTIVO'),
('V-26540950', 'CARLOS', 'ARRIECHE', 'DUACA', '000-1234567', 'jesus@gmail.com', 'TECNICO', 'ACTIVO');

-- MARCAS
INSERT INTO marcas(nombre, estatus) VALUES
('TP-LINK', 'ACTIVO'),
('CISCO', 'ACTIVO'),
('MERCUSYS', 'ACTIVO');

-- MODELOS
INSERT INTO modelos(marca_id, nombre, estatus) VALUES
('1','WF155', 'ACTIVO'),
('1','MD399', 'ACTIVO'),
('1','JD110', 'ACTIVO'),
('2','A300', 'ACTIVO'),
('2','A400', 'ACTIVO'),
('2','A055', 'ACTIVO'),
('3','MS100', 'ACTIVO'),
('3','MS200', 'ACTIVO'),
('3','MS300', 'ACTIVO');

/* Inventario */

-- INSERT INTO impuestos(nombre, valor) VALUES ('iva', '12.00'), ('iva2', '16.00');

INSERT INTO proveedores(documento, razon_social, direccion, telefono, email) VALUES
('J-26540950', 'MICROTECH', 'BARQUISIMETO', '0424-5294781', 'microtech@gmail.com'),
('J-26543456', 'CARSYS', 'CARACAS', '0424-5294781', 'Carsys@gmail.com'),
('J-26523234', 'SUPER TECH', 'BARINAS', '0424-5294781', 'supertech@gmail.com');


INSERT INTO unidades(nombre, abreviatura) VALUES
('PIEZA', 'pza'),
('METRO', 'm'),
('LITRO', 'l');

INSERT INTO categorias(nombre, descripcion) VALUES
('REDES', 'REDES EN GENERAL'),
('TELEFONIA', 'TELEFONOS EN GENERAL'),
('PC', 'PC GENERAL');

INSERT INTO configuracion(nombre, valor) VALUES
('nombre_sistema', 'WORLD & COMPUTER'),
('dolar', '1700000'),
('iva', '12');

-- INSERT INTO productos(categoria_id, unidad_id, modelo_id, codigo, nombre, precio_porcentaje) VALUES 
-- ('3', '1', '1', 'P456125', 'ROUTER 3400', '30'),
-- ('3', '1', '2','P456123', 'MODEM-ROUTER AJ300', '30'),
-- ('3', '1', '3','P456154', 'ANTENA KE444', '30'),
-- ('2', '1', '4','P456165', 'CAMARA AL300', '30'),
-- ('2', '1', '5','P456187', 'ADAPTADOR 30K', '30');

INSERT INTO productos(categoria_id, unidad_id, codigo, nombre, precio_porcentaje) VALUES 
('3', '1','P456125', 'ROUTER 3400', '30'),
('3', '1','P456123', 'MODEM-ROUTER AJ300', '30'),
('3', '1','P456154', 'ANTENA KE444', '30'),
('2', '1','P456165', 'CAMARA AL300', '30'),
('2', '1','P456187', 'ADAPTADOR 30K', '30');

/* Roles */
INSERT INTO `roles` (`id`, `nombre`, `descripcion`, `estatus`) VALUES
(1, 'Super Administrador', 'Todos los permisos del sistema', 'ACTIVO'),
(2, 'Administrador', 'Permisos para la mayoría de los módulos', 'ACTIVO'),
(3, 'Asistente', 'Manejo de Inventario, Cliente y Ventas', 'ACTIVO');
/* Cargando Permisos */
INSERT INTO permisos(nombre) VALUES 
('usuarios'),
('registrar usuarios'),
('editar usuarios'),
('eliminar usuarios'),

('clientes'),
('registrar clientes'),
('editar clientes'),
('eliminar clientes'),

('empleados'),
('registrar empleados'),
('editar empleados'),
('eliminar empleados'),

('proveedores'),
('registrar proveedores'),
('editar proveedores'),
('eliminar proveedores'),

('inventario'),

('productos'),
('registrar productos'),
('editar productos'),
('eliminar productos'),

('categorias'),
('registrar categorias'),
('editar categorias'),
('eliminar categorias'),

('servicios'),
('registrar servicios'),
('editar servicios'),
('eliminar servicios'),

('servicios prestados'),
('registrar servicios prestados'),
('anular servicios prestados'),

('compras'),
('registrar compras'),
('anular compras'),

('ventas'),
('registrar ventas'),
('anular ventas'),

('roles'),
('registrar roles'),
('editar roles'),
('eliminar roles'),

('reportes');

/* Roles con permisos*/
INSERT INTO `rol_permiso` (`rol_id`, `permiso_id`) VALUES
(1, 1),
(1, 2),
(1, 3),
(1, 4),
(1, 5),
(1, 6),
(1, 7),
(1, 8),
(1, 9),
(1, 10),
(1, 11),
(1, 12),
(1, 13),
(1, 14),
(1, 15),
(1, 16),
(1, 17),
(1, 18),
(1, 19),
(1, 20),
(1, 21),
(1, 22),
(1, 23),
(1, 24),
(1, 25),
(1, 26),
(1, 27),
(1, 28),
(1, 29),
(1, 30),
(1, 31),
(1, 32),
(1, 33),
(1, 34),
(1, 35),
(1, 36),
(1, 37),
(1, 38),
(1, 39),
(1, 40),
(1, 41),
(1, 42),
(1, 43),

(2, 5),
(2, 6),
(2, 7),
(2, 8),
(2, 9),
(2, 10),
(2, 11),
(2, 12),
(2, 13),
(2, 14),
(2, 15),
(2, 16),
(2, 18),
(2, 19),
(2, 20),
(2, 21),
(2, 22),
(2, 23),
(2, 24),
(2, 25),
(2, 26),
(2, 27),
(2, 28),
(2, 29),
(2, 30),
(2, 31),
(2, 32),
(2, 33),
(2, 34),
(2, 35),
(2, 36),
(2, 37),
(2, 38),
(2, 43),

(3, 5),
(3, 6),
(3, 7),
(3, 8),
(3, 18),
(3, 36),
(3, 37),
(3, 38);

-- USUARIO
INSERT INTO usuarios(rol_id, documento, nombre, apellido, direccion, telefono, email, usuario, password, estatus) VALUES 
('1', 'V-00000000', 'SUPER', 'ADMINISTRADOR', 'WORLD','000-0000000', 'superadministrador@email.com', 'superadministrador', '$2y$14$FKi2DLbY7zexyHlpxTfha.E70BakTI90Q2.ZkXG33u4y4X5P/W7Pi', 'ACTIVO'),
('2', 'V-10000000', 'ADMINISTRADOR', 'ADMINISTRADOR', 'WORLD','000-0000000', 'admin@email.com', 'administrador', '$2y$14$k9kECw4XTGCgh5UPse50bO.GBGkyV1zeWxW4zTiNXT/jwhljIKP4K', 'ACTIVO'),
('3', 'V-30000000', 'USUARIO', 'USUARIO', 'WORLD','000-0000000', 'usuario@email.com', 'usuario', '$2y$14$85yGnTS/W5awO7quwGzbSu/b788ECGy1KPGyWiTnW8D4iBCM9Nxo.', 'ACTIVO');

-- COMPRAS
INSERT INTO compras(proveedor_id, codigo, cod_ref, fecha, impuesto, usuario_id) VALUES 
('1', '000001', null, now(), '12,00', 1),
('2', '000002', null, now(), '0', 1),
('3', '000003', null, now(), '10,00', 1);

INSERT INTO detalle_compra(producto_id, compra_id, costo, cantidad) VALUES 
('1', '1', '2000', '5'),
('2', '1', '1000', '3'),
('3', '1', '5000', '12'),

('1', '2', '2000', '5'),
('2', '2', '1000', '3'),
('3', '2', '5000', '12'),

('1', '3', '2000', '5'),
('2', '3', '1000', '3'),
('3', '3', '5000', '12');

-- VENTAS
INSERT INTO ventas(cliente_id, codigo, fecha, usuario_id) VALUES 
('1', '000001', now(), 1),
('2', '000002', now(), 1),
('3', '000003', now(), 1);

INSERT INTO detalle_venta(venta_id, producto_id, cantidad, precio) VALUES 
('1', '1', '12', '2500'),
('1', '2', '6', '500'),
('1', '3', '10', '200'),

('2', '1', '12', '2500'),
('2', '2', '6', '500'),
('2', '3', '10', '200'),

('3', '1', '12', '2500'),
('3', '2', '6', '500'),
('3', '3', '10', '200');

-- SERVICIOS
INSERT INTO servicios(nombre, descripcion, precio) VALUES 
('MANTENIMIENTO CAMARAS', 'Mantenimiento General', '6200'),
('REPARACION UPS', 'Reparacion ', '2000'),
('FORMATEO PC', 'Instalacion SO', '3500');

INSERT INTO servicios_prestados(venta_id, cliente_id, empleado_id, fecha, codigo, usuario_id) VALUES 
('1', '2', '2', now(), '000001', 1),
('2', '2', '3', now(), '000002', 1),
('3', '2', '3', now(), '000003', 1);

-- ENTRADAS
INSERT INTO entradas(codigo, fecha, tipo, observacion) VALUES 
('000001', now(), 'APORTE', 'aporte de un socio'),
('000002', now(), 'PRESTAMO', 'prestamo de mercancia'),
('000003', now(), 'APORTE', 'aporte de un socio');

INSERT INTO detalle_entrada(entrada_id, producto_id, cantidad) VALUES 
('1', '1', '20'),
('1', '1', '20'),
('1', '1', '20'),

('2', '2', '20'),
('2', '2', '20'),
('2', '2', '20'),

('3', '3', '20'),
('3', '3', '20'),
('3', '3', '20');

-- SALIDAS
INSERT INTO salidas(codigo, fecha, tipo, observacion) VALUES 
('000001', now(), 'RETIRO', 'retiro de un socio'),
('000002', now(), 'PRESTAMO', 'prestamo de mercancia'),
('000003', now(), 'RETIRO', 'retiro de un socio');

INSERT INTO detalle_salida(salida_id, producto_id, cantidad) VALUES 
('1', '1', '5'),
('1', '1', '5'),
('1', '1', '5'),

('2', '2', '5'),
('2', '2', '5'),
('2', '2', '5'),

('3', '3', '5'),
('3', '3', '5'),
('3', '3', '5');


/* VISTAS */

-- ENTRADAS POR COMPRAS
CREATE VIEW IF NOT EXISTS v_entradas_compras AS SELECT p.id, p.codigo, p.nombre, SUM(dc.cantidad) as total FROM
productos p
	LEFT JOIN
detalle_compra dc
  ON p.id = dc.producto_id
  LEFT JOIN
compras c
	ON dc.compra_id = c.id
	WHERE c.estatus = 'ACTIVO'
GROUP BY p.id, p.codigo, p.nombre;

-- ENTRADAS POR RECARGOS
CREATE VIEW IF NOT EXISTS v_entradas_recargo AS SELECT p.id, p.codigo, p.nombre, SUM(de.cantidad) as total FROM
productos p
	LEFT JOIN
detalle_entrada de
  ON p.id = de.producto_id
  LEFT JOIN
entradas e
	ON de.entrada_id = e.id
	WHERE e.estatus = 'ACTIVO'
GROUP BY p.id, p.codigo, p.nombre;

-- ENTRADAS TOTALES
CREATE VIEW IF NOT EXISTS v_entradas_totales AS SELECT p.id, p.codigo, p.nombre, IFNULL(vec.total, 0) AS compras, IFNULL(ver.total, 0) AS cargos, (IFNULL(vec.total, 0) + IFNULL(ver.total, 0)) AS total FROM
productos p
	LEFT JOIN
v_entradas_compras vec
	ON vec.id = p.id
	LEFT JOIN
v_entradas_recargo ver
  ON ver.id = vec.id
GROUP BY p.id, p.codigo, p.nombre;


-- SALIDAS POR VENTAS
CREATE VIEW IF NOT EXISTS v_salidas_ventas AS SELECT p.id, p.codigo, p.nombre, SUM(dv.cantidad) as total FROM
productos p
	LEFT JOIN
detalle_venta dv
  ON p.id = dv.producto_id
  LEFT JOIN
ventas v
	ON dv.venta_id = v.id
	WHERE v.estatus = 'ACTIVO'
GROUP BY p.id, p.codigo, p.nombre;

-- SALIDAS POR DESCARGO
CREATE VIEW IF NOT EXISTS v_salidas_descargo AS SELECT p.id, p.codigo, p.nombre, SUM(ds.cantidad) as total FROM
productos p
	LEFT JOIN
detalle_salida ds
  ON p.id = ds.producto_id
  LEFT JOIN
salidas s
	ON ds.salida_id = s.id
	WHERE s.estatus = 'ACTIVO'
GROUP BY p.id, p.codigo, p.nombre;

-- SALIDAS TOTALES
CREATE VIEW IF NOT EXISTS v_salidas_totales AS SELECT p.id, p.codigo, p.nombre, IFNULL(vsv.total, 0) AS ventas, IFNULL(vsd.total, 0) AS descargos, (IFNULL(vsv.total, 0) + IFNULL(vsd.total, 0)) AS total FROM
productos p
	LEFT JOIN
v_salidas_ventas vsv
	ON vsv.id = p.id
	LEFT JOIN
v_salidas_descargo vsd
  ON vsd.id = vsv.id
GROUP BY p.id, p.codigo, p.nombre;

-- VISTA INVENTARIO
CREATE VIEW IF NOT EXISTS v_inventario AS SELECT p.id, p.codigo, p.nombre, c.nombre AS categoria, p.precio_venta, IFNULL((e.compras + e.cargos) - (s.ventas + s.descargos),0) AS stock, p.stock_min, p.stock_max, p.estatus FROM
productos p
	LEFT JOIN
v_entradas_totales e
	ON p.id = e.id
    LEFT JOIN
v_salidas_totales s 
	ON p.id = s.id
    JOIN
categorias c 
	ON p.categoria_id = c.id
-- WHERE p.estatus = 'ACTIVO' 
GROUP BY p.id, p.codigo, p.nombre, p.precio_venta, p.stock_min, p.stock_max  
ORDER BY `p`.`id` ASC;


-- DISPARADORES

CREATE TRIGGER actualizar_precio_producto 
AFTER INSERT ON detalle_compra FOR EACH ROW
	UPDATE productos SET precio_costo = NEW.costo, precio_venta = (NEW.costo * (precio_porcentaje / 100)+ NEW.costo) WHERE id = NEW.producto_id;

-- Registrar
CREATE TRIGGER `clientes_ai` AFTER INSERT ON `clientes` FOR EACH ROW 
    INSERT INTO bitacora(usuario_id, modulo, accion) 
    VALUES (@usuario_id,"Clientes",CONCAT('Registro de "',NEW.documento,' - ',NEW.nombre,' ',NEW.apellido,'"'));

CREATE TRIGGER `empleados_ai` AFTER INSERT ON `empleados` FOR EACH ROW 
    INSERT INTO bitacora(usuario_id, modulo, accion) 
    VALUES (@usuario_id,"Empleados",CONCAT('Registro de "',NEW.documento,' - ',NEW.nombre,' ',NEW.apellido,'"'));

CREATE TRIGGER `proveedores_ai` AFTER INSERT ON `proveedores` FOR EACH ROW 
    INSERT INTO bitacora(usuario_id, modulo, accion) 
    VALUES (@usuario_id,"Proveedores",CONCAT('Registro de "',NEW.documento,' - ',NEW.razon_social,'"'));

CREATE TRIGGER `usuarios_ai` AFTER INSERT ON `usuarios` FOR EACH ROW 
    INSERT INTO bitacora(usuario_id, modulo, accion) 
    VALUES (@usuario_id,"Usuarios",CONCAT('Registro de "',NEW.documento,' - ',NEW.nombre,' ',NEW.apellido,'"'));

CREATE TRIGGER `categorias_ai` AFTER INSERT ON `categorias` FOR EACH ROW 
    INSERT INTO bitacora(usuario_id, modulo, accion) 
    VALUES (@usuario_id,"Categorías",CONCAT('Registro de "',NEW.nombre,'"'));

CREATE TRIGGER `productos_ai` AFTER INSERT ON `productos` FOR EACH ROW 
    INSERT INTO bitacora(usuario_id, modulo, accion) 
    VALUES (@usuario_id,"Productos",CONCAT('Registro de "',NEW.codigo,' - ',NEW.nombre,'"'));

CREATE TRIGGER `roles_ai` AFTER INSERT ON `roles` FOR EACH ROW 
    INSERT INTO bitacora(usuario_id, modulo, accion) 
    VALUES (@usuario_id,"Roles",CONCAT('Registro de "',NEW.nombre,'"'));

CREATE TRIGGER `servicios_ai` AFTER INSERT ON `servicios` FOR EACH ROW 
    INSERT INTO bitacora(usuario_id, modulo, accion) 
    VALUES (@usuario_id,"Servicios",CONCAT('Registro de "',NEW.nombre,'"'));

CREATE TRIGGER `compras_ai` AFTER INSERT ON `compras` FOR EACH ROW 
    INSERT INTO bitacora(usuario_id, modulo, accion) 
    VALUES (@usuario_id,"Compras",CONCAT('Registro de Compra<br>Código: ',NEW.codigo));

CREATE TRIGGER `servicios_prestados_ai` AFTER INSERT ON `servicios_prestados` FOR EACH ROW 
    INSERT INTO bitacora(usuario_id, modulo, accion) 
    VALUES (@usuario_id,"Servicios Prestados",CONCAT('Registro de Servicio Prestado<br>Código: ',NEW.codigo));

CREATE TRIGGER `ventas_ai` AFTER INSERT ON `ventas` FOR EACH ROW 
    INSERT INTO bitacora(usuario_id, modulo, accion) 
    VALUES (@usuario_id,"Ventas",CONCAT('Registro de Venta<br>Código: ',NEW.codigo));


-- Modificaciones y eliminaciones lógicas
-- Clientes
DELIMITER $$
CREATE TRIGGER IF NOT EXISTS `clientes_bu` BEFORE UPDATE ON `clientes`
FOR EACH ROW
BEGIN
    IF(NEW.estatus != OLD.estatus) THEN
        IF(NEW.estatus = 'ACTIVO') THEN
            INSERT INTO bitacora(usuario_id, modulo, accion) 
            VALUES (@usuario_id,"Clientes",CONCAT('Habilitación de "',OLD.documento,' - ',OLD.nombre,' ',OLD.apellido,'"'));
        ELSE
            INSERT INTO bitacora(usuario_id, modulo, accion) 
            VALUES (@usuario_id,"Clientes",CONCAT('Eliminación de "',OLD.documento,' - ',OLD.nombre,' ',OLD.apellido,'"'));
        END IF;
    ELSE 
        INSERT INTO bitacora(usuario_id, modulo, accion, descripcion) 
        VALUES (@usuario_id,"Clientes",CONCAT('Actualización de "',OLD.documento,' - ',OLD.nombre,' ',OLD.apellido,'"'),
        CONCAT('<b>Información Anterior:</b><br>',
            'Documento: ',OLD.documento,'<br>',
            'Nombre: ',OLD.nombre,' ',OLD.apellido,'<br>',
            'Dirección: ',OLD.direccion,'<br>',
            'Teléfono: ',OLD.telefono,'<br>',
            'E-mail: ',OLD.email,'<br>',
            '<br><b>Información Actual:</b><br>',
            'Documento: ',NEW.documento,'<br>',
            'Nombre: ',NEW.nombre,' ',NEW.apellido,'<br>',
            'Dirección: ',NEW.direccion,'<br>',
            'Teléfono: ',NEW.telefono,'<br>',
            'E-mail: ',NEW.email,'<br>'
            ));
    END IF;
END;$$
DELIMITER ;
-- Empleados
DELIMITER $$
CREATE TRIGGER IF NOT EXISTS `empleados_bu` BEFORE UPDATE ON `empleados`
FOR EACH ROW
BEGIN
    IF(NEW.estatus != OLD.estatus) THEN
        IF(NEW.estatus = 'ACTIVO') THEN
            INSERT INTO bitacora(usuario_id, modulo, accion) 
            VALUES (@usuario_id,"Empleados",CONCAT('Habilitación de "',OLD.documento,' - ',OLD.nombre,' ',OLD.apellido,'"'));
        ELSE
            INSERT INTO bitacora(usuario_id, modulo, accion) 
            VALUES (@usuario_id,"Empleados",CONCAT('Eliminación de "',OLD.documento,' - ',OLD.nombre,' ',OLD.apellido,'"'));
        END IF;
    ELSE 
        INSERT INTO bitacora(usuario_id, modulo, accion, descripcion) 
        VALUES (@usuario_id,"Empleados",CONCAT('Actualización de "',OLD.documento,' - ',OLD.nombre,' ',OLD.apellido,'"'),
        CONCAT('<b>Información Anterior:</b><br>',
            'Documento: ',OLD.documento,'<br>',
            'Nombre: ',OLD.nombre,' ',OLD.apellido,'<br>',
            'Dirección: ',OLD.direccion,'<br>',
            'Teléfono: ',OLD.telefono,'<br>',
            'E-mail: ',OLD.email,'<br>',
            'Cargo: ',OLD.cargo,'<br>',
            '<br><b>Información Actual:</b><br>',
            'Documento: ',NEW.documento,'<br>',
            'Nombre: ',NEW.nombre,' ',NEW.apellido,'<br>',
            'Dirección: ',NEW.direccion,'<br>',
            'Teléfono: ',NEW.telefono,'<br>',
            'E-mail: ',NEW.email,'<br>',
            'Cargo: ',NEW.cargo,'<br>'
            ));
    END IF;
END;$$
DELIMITER ;
-- Proveedores
DELIMITER $$
CREATE TRIGGER IF NOT EXISTS `proveedores_bu` BEFORE UPDATE ON `proveedores`
FOR EACH ROW
BEGIN
    IF(NEW.estatus != OLD.estatus) THEN
        IF(NEW.estatus = 'ACTIVO') THEN
            INSERT INTO bitacora(usuario_id, modulo, accion) 
            VALUES (@usuario_id,"Proveedores",CONCAT('Habilitación de "',OLD.documento,' - ',OLD.razon_social,'"'));
        ELSE
            INSERT INTO bitacora(usuario_id, modulo, accion) 
            VALUES (@usuario_id,"Proveedores",CONCAT('Eliminación de "',OLD.documento,' - ',OLD.razon_social,'"'));
        END IF;
    ELSE 
        INSERT INTO bitacora(usuario_id, modulo, accion, descripcion) 
        VALUES (@usuario_id,"Proveedores",CONCAT('Actualización de "',OLD.documento,' - ',OLD.razon_social,'"'),
        CONCAT('<b>Información Anterior:</b><br>',
            'Documento: ',OLD.documento,'<br>',
            'Razón Social: ',OLD.razon_social,'<br>',
            'Dirección: ',OLD.direccion,'<br>',
            'Teléfono: ',OLD.telefono,'<br>',
            'E-mail: ',OLD.email,'<br>',
            '<br><b>Información Actual:</b><br>',
            'Documento: ',NEW.documento,'<br>',
            'Razón Social: ',NEW.razon_social,'<br>',
            'Dirección: ',NEW.direccion,'<br>',
            'Teléfono: ',NEW.telefono,'<br>',
            'E-mail: ',NEW.email,'<br>'
            ));
    END IF;
END;$$
DELIMITER ;
-- Usuarios
DELIMITER $$
CREATE TRIGGER IF NOT EXISTS `usuarios_bu` BEFORE UPDATE ON `usuarios`
FOR EACH ROW
BEGIN
    IF(NEW.estatus != OLD.estatus) THEN
        IF(NEW.estatus = 'ACTIVO') THEN
            INSERT INTO bitacora(usuario_id, modulo, accion) 
            VALUES (@usuario_id,"Usuarios",CONCAT('Habilitación de "',OLD.documento,' - ',OLD.nombre,' ',OLD.apellido,'"'));
        ELSE
            INSERT INTO bitacora(usuario_id, modulo, accion) 
            VALUES (@usuario_id,"Usuarios",CONCAT('Eliminación de "',OLD.documento,' - ',OLD.nombre,' ',OLD.apellido,'"'));
        END IF;
    ELSE 
        SET @rol_name = (SELECT nombre FROM `roles` WHERE id=OLD.rol_id);
        SET @rol_name_new = (SELECT nombre FROM `roles` WHERE id=NEW.rol_id);
        INSERT INTO bitacora(usuario_id, modulo, accion, descripcion) 
        VALUES (@usuario_id,"Usuarios",CONCAT('Actualización de "',OLD.documento,' - ',OLD.nombre,' ',OLD.apellido,'"'),
        CONCAT('<b>Información Anterior:</b><br>',
            'Documento: ',OLD.documento,'<br>',
            'Nombre: ',OLD.nombre,' ',OLD.apellido,'<br>',
            'Dirección: ',OLD.direccion,'<br>',
            'Teléfono: ',OLD.telefono,'<br>',
            'E-mail: ',OLD.email,'<br>',
            'Usuario: ',OLD.usuario,'<br>',
            'Rol: ',@rol_name,'<br>',
            '<br><b>Información Actual:</b><br>',
            'Documento: ',NEW.documento,'<br>',
            'Nombre: ',NEW.nombre,' ',NEW.apellido,'<br>',
            'Dirección: ',NEW.direccion,'<br>',
            'Teléfono: ',NEW.telefono,'<br>',
            'E-mail: ',NEW.email,'<br>',
            'Usuario: ',NEW.usuario,'<br>',
            'Rol: ',@rol_name_new,'<br>'
            ));
    END IF;
END;$$
DELIMITER ;
-- Categorías
DELIMITER $$
CREATE TRIGGER IF NOT EXISTS `categorias_bu` BEFORE UPDATE ON `categorias`
FOR EACH ROW
BEGIN
    IF(NEW.estatus != OLD.estatus) THEN
        IF(NEW.estatus = 'ACTIVO') THEN
            INSERT INTO bitacora(usuario_id, modulo, accion) 
            VALUES (@usuario_id,"Categorías",CONCAT('Habilitación de "',OLD.nombre,'"'));
        ELSE
            INSERT INTO bitacora(usuario_id, modulo, accion) 
            VALUES (@usuario_id,"Categorías",CONCAT('Eliminación de "',OLD.nombre,'"'));
        END IF;
    ELSE 
        INSERT INTO bitacora(usuario_id, modulo, accion, descripcion) 
        VALUES (@usuario_id,"Categorías",CONCAT('Actualización de "',OLD.nombre,'"'),
        CONCAT('<b>Información Anterior:</b><br>',
            'Nombre: ',OLD.nombre,'<br>',
            'Descripción: ',OLD.descripcion,'<br>',
            '<br><b>Información Actual:</b><br>',
            'Nombre: ',NEW.nombre,'<br>',
            'Descripción: ',NEW.descripcion,'<br>'
            ));
    END IF;
END;$$
DELIMITER ;
-- Productos
DELIMITER $$
CREATE TRIGGER IF NOT EXISTS `productos_bu` BEFORE UPDATE ON `productos`
FOR EACH ROW
BEGIN
    IF(NEW.estatus != OLD.estatus) THEN
        IF(NEW.estatus = 'ACTIVO') THEN
            INSERT INTO bitacora(usuario_id, modulo, accion) 
            VALUES (@usuario_id,"Productos",CONCAT('Habilitación de "',OLD.codigo,' - ',OLD.nombre,'"'));
        ELSE
            INSERT INTO bitacora(usuario_id, modulo, accion) 
            VALUES (@usuario_id,"Productos",CONCAT('Eliminación de "',OLD.codigo,' - ',OLD.nombre,'"'));
        END IF;
    ELSE 
        SET @categoria_name = (SELECT nombre FROM `categorias` WHERE id=OLD.categoria_id);
        SET @categoria_name_new = (SELECT nombre FROM `categorias` WHERE id=NEW.categoria_id);
        SET @unidad_name = (SELECT nombre FROM `unidades` WHERE id=OLD.unidad_id);
        SET @unidad_name_new = (SELECT nombre FROM `unidades` WHERE id=NEW.unidad_id);
        INSERT INTO bitacora(usuario_id, modulo, accion, descripcion) 
        VALUES (@usuario_id,"Productos",CONCAT('Actualización de "',OLD.codigo,' - ',OLD.nombre,'"'),
        CONCAT('<b>Información Anterior:</b><br>',
            'Código: ',OLD.codigo,'<br>',
            'Nombre: ',OLD.nombre,'<br>',
            'Descripción: ',OLD.descripcion,'<br>',
            'Margén de Ganancia: ',OLD.precio_porcentaje,'<br>',
            'Precio de Venta: ',OLD.precio_venta,'<br>',
            'Stock Min.: ',OLD.stock_min,'<br>',
            'Stock Max.: ',OLD.stock_max,'<br>',
            'Categoría: ',@categoria_name,'<br>',
            'Unidad: ',@unidad_name,'<br>',
            '<br><b>Información Actual:</b><br>',
            'Código: ',NEW.codigo,'<br>',
            'Nombre: ',NEW.nombre,'<br>',
            'Descripción: ',NEW.descripcion,'<br>',
            'Margén de Ganancia: ',NEW.precio_porcentaje,'<br>',
            'Precio de Venta: ',NEW.precio_venta,'<br>',
            'Stock Min.: ',NEW.stock_min,'<br>',
            'Stock Max.: ',NEW.stock_max,'<br>',
            'Categoría: ',@categoria_name_new,'<br>',
            'Unidad: ',@unidad_name_new,'<br>'
            ));
    END IF;
END;$$
DELIMITER ;
-- Servicios
DELIMITER $$
CREATE TRIGGER IF NOT EXISTS `servicios_bu` BEFORE UPDATE ON `servicios`
FOR EACH ROW
BEGIN
    IF(NEW.estatus != OLD.estatus) THEN
        IF(NEW.estatus = 'ACTIVO') THEN
            INSERT INTO bitacora(usuario_id, modulo, accion) 
            VALUES (@usuario_id,"Servicios",CONCAT('Habilitación de "',OLD.nombre,'"'));
        ELSE
            INSERT INTO bitacora(usuario_id, modulo, accion) 
            VALUES (@usuario_id,"Servicios",CONCAT('Eliminación de "',OLD.nombre,'"'));
        END IF;
    ELSE 
        INSERT INTO bitacora(usuario_id, modulo, accion, descripcion) 
        VALUES (@usuario_id,"Servicios",CONCAT('Actualización de "',OLD.nombre,'"'),
        CONCAT('<b>Información Anterior:</b><br>',
            'Nombre: ',OLD.nombre,'<br>',
            'Descripción: ',OLD.descripcion,'<br>',
            'Precio: ',OLD.precio,'<br>',
            '<br><b>Información Actual:</b><br>',
            'Nombre: ',NEW.nombre,'<br>',
            'Descripción: ',NEW.descripcion,'<br>'
            'Precio: ',NEW.precio,'<br>'
            ));
    END IF;
END;$$
DELIMITER ;
-- Roles
DELIMITER $$
CREATE TRIGGER IF NOT EXISTS `roles_bu` BEFORE UPDATE ON `roles`
FOR EACH ROW
BEGIN
    IF(NEW.estatus != OLD.estatus) THEN
        IF(NEW.estatus = 'ACTIVO') THEN
            INSERT INTO bitacora(usuario_id, modulo, accion) 
            VALUES (@usuario_id,"Roles",CONCAT('Habilitación de "',OLD.nombre,'"'));
        ELSE
            INSERT INTO bitacora(usuario_id, modulo, accion) 
            VALUES (@usuario_id,"Roles",CONCAT('Eliminación de "',OLD.nombre,'"'));
        END IF;
    ELSE 
        INSERT INTO bitacora(usuario_id, modulo, accion, descripcion) 
        VALUES (@usuario_id,"Roles",CONCAT('Actualización de "',OLD.nombre,'"'),
        CONCAT('<b>Información Anterior:</b><br>',
            'Nombre: ',OLD.nombre,'<br>',
            'Descripción: ',OLD.descripcion,'<br>',
            '<br><b>Información Actual:</b><br>',
            'Nombre: ',NEW.nombre,'<br>',
            'Descripción: ',NEW.descripcion,'<br>'
            ));
    END IF;
END;$$
DELIMITER ;
-- Compras
DELIMITER $$
CREATE TRIGGER IF NOT EXISTS `compras_bu` BEFORE UPDATE ON `compras`
FOR EACH ROW
BEGIN
    IF(NEW.estatus = 'ACTIVO') THEN
        INSERT INTO bitacora(usuario_id, modulo, accion) 
        VALUES (@usuario_id,"Compras",CONCAT('Habilitación de "',OLD.codigo,'"'));
    ELSE
        INSERT INTO bitacora(usuario_id, modulo, accion) 
        VALUES (@usuario_id,"Compras",CONCAT('Anulación de "',OLD.codigo,'"'));
    END IF;
END;$$
DELIMITER ;
-- Servicios Prestados
DELIMITER $$
CREATE TRIGGER IF NOT EXISTS `servicios_prestados_bu` BEFORE UPDATE ON `servicios_prestados`
FOR EACH ROW
BEGIN
    IF(NEW.estatus = 'ACTIVO') THEN
        INSERT INTO bitacora(usuario_id, modulo, accion) 
        VALUES (@usuario_id,"Servicios Prestados",CONCAT('Habilitación de "',OLD.codigo,'"'));
    ELSE
        INSERT INTO bitacora(usuario_id, modulo, accion)
        VALUES (@usuario_id,"Servicios Prestados",CONCAT('Anulación de "',OLD.codigo,'"'));
    END IF;
END;$$
DELIMITER ;
-- Ventas
DELIMITER $$
CREATE TRIGGER IF NOT EXISTS `ventas_bu` BEFORE UPDATE ON `ventas`
FOR EACH ROW
BEGIN
    IF(NEW.estatus = 'ACTIVO') THEN
        INSERT INTO bitacora(usuario_id, modulo, accion) 
        VALUES (@usuario_id,"Ventas",CONCAT('Habilitación de "',OLD.codigo,'"'));
    ELSE
        INSERT INTO bitacora(usuario_id, modulo, accion) 
        VALUES (@usuario_id,"Ventas",CONCAT('Anulación de "',OLD.codigo,'"'));
    END IF;
END;$$
DELIMITER ;